1	14726227	rs182843349	72; 295; 179; 143; 146; 42; 359; 138; 495; 276; 472; 496	12
1	33560247	rs149801576	295; 330; 161; 289; 203; 337; 250; 838	8
1	48153890	rs746408883	99; 105; 427; 249; 75; 243; 438; 475; 585	9
1	79502866	rs756096117	553; 143; 70; 631; 425; 64; 832; 73; 303; 680; 471	11
1	97638967	rs774881267	75; 288; 649; 335; 233; 473; 682; 506; 611; 585	10
1	107801340	rs145942712	286; 139; 439; 203; 825; 177; 283; 250; 115; 611	10
1	120927160	rs149651017	243; 832; 224; 245	4
1	159319959	rs373526534	223; 193; 48; 625; 368; 191; 496; 598; 610; 528; 479; 158; 235; 265; 138; 178; 105; 463; 30; 187; 37; 61; 82; 292; 303; 149; 680; 348; 472; 378; 439; 631; 119; 403; 29; 301; 444; 679; 540	39
1	180258402	rs148617996	339; 104; 533; 699; 657; 84; 165; 472; 207	9
1	193464890	rs6686470	477; 239; 105; 343; 433; 145; 724; 680	8
1	216829758	rs560230204	197; 790; 179; 267; 129; 106; 136; 224	8
1	232912568	rs556019720	559; 55; 560; 126; 341; 575; 262; 65; 484; 540	10
1	248254874	rs78806830	75; 790; 462; 526; 367; 257; 694; 359; 95	9
2	2163512	rs190122428	72; 121; 640; 259; 143; 226; 214; 453; 633; 370; 301; 48; 503; 156; 391	15
2	37786779	rs556838519	613; 313; 19; 598; 117; 70; 90; 335; 138; 116; 415; 136; 507; 671; 263; 265; 636; 216; 472; 170	20
2	41572748	rs79589479	652; 322; 436; 163; 291; 208; 386; 138; 156; 345; 170	11
2	64132291	rs569180416	482; 479; 159; 70; 382; 154; 138; 503; 148	9
2	81117530	rs747865751	72; 482; 187; 396; 466; 336; 185	7
2	103411956	rs570204255	105; 340; 462; 737; 289; 172; 59; 337; 755	9
2	134228588	rs186009694	75; 103; 193; 77; 163; 263; 694; 368; 165; 565; 170; 563; 432; 635; 665; 250; 265; 371; 138; 509; 470; 23; 579; 319; 303; 147; 124; 96; 289; 333; 353; 359; 522; 148	34
2	140284430	rs528600569	745; 414; 30; 37; 266; 769; 556	7
2	163817070	rs144315249	197; 583; 631; 489; 988; 59; 755	7
2	184325186	rs563819774	378; 462; 269; 36; 298; 531; 71; 606; 115; 495; 165; 348	12
2	215547159	rs368413892	254; 234; 624; 249; 223; 653; 90; 507; 252; 361; 385; 54; 170	13
2	237121387	rs561601564	295; 222; 468; 598; 254; 171; 496; 213; 401; 265; 521; 373; 427; 187; 282; 692; 249; 322; 289; 415; 145; 540	22
2	240224438	rs540982545	239; 163; 575; 59; 337; 276	6
3	15344456	rs563467513	370; 535; 614; 616; 20; 291; 257; 337; 138; 105; 61; 203; 559; 228; 319; 186; 120; 299; 585; 99; 655; 55; 29; 301; 73; 283; 224; 606; 679; 540	30
3	21291569	rs530415980	463; 61; 468; 202; 612; 377; 71; 283; 65; 345	10
3	42596289	rs572245485	143; 298; 466; 89; 150; 609; 391	7
3	67760291	rs575391311	219; 528; 114; 401; 623; 253; 145; 325; 284	9
3	84364861	rs535741230	99; 223; 47; 37; 289; 399; 324; 575	8
3	116227578	rs540098263	396; 161; 671; 261; 185; 521; 96; 148	8
3	133487112	rs149612929	239; 287; 645; 415; 150; 299; 65; 265; 148	9
3	151002280	rs554625577	363; 143; 187; 330; 382; 301; 377; 329; 398; 342	10
3	161494034	rs184840931	121; 69; 236; 507; 59; 490; 443; 683	8
3	181199816	rs145883289	286; 197; 737; 828; 396; 171; 106; 606; 584; 60	10
4	11800923	rs536499165	119; 289; 27; 319; 534; 120; 24; 416; 547	9
4	28024235	rs544550595	596; 187; 330; 45; 267; 533; 186; 303; 84; 245	10
4	40394444	rs181165417	76; 166; 185; 253; 446; 303; 294; 426; 467; 585	10
4	64013644	rs559588408	613; 396; 531; 575; 303; 379; 376; 598	8
4	82329585	rs180714689	295; 70; 90; 468; 528; 229; 533; 132; 613; 143; 559; 82; 399; 666; 472; 290; 55; 106; 671; 419; 207	21
4	114646691	rs538743783	563; 75; 322; 69; 503; 330; 306; 202; 353; 91; 686; 608; 95; 470; 406; 468	16
4	130695242	rs531341255	245; 726; 425; 160; 325; 276; 755; 148	8
4	149391498	rs755804706	9; 249; 559; 466; 657; 42; 265; 521; 426	9
4	169275220	rs570883200	643; 218; 236; 104; 521; 606; 149; 359; 124; 547; 170	11
4	188386661	rs13105368	708; 668; 479; 404; 496; 575; 73; 610	8
5	16801190	rs187383724	249; 559; 104; 654; 136; 303; 138; 666; 165; 471	10
5	26316760	rs555233037	118; 61; 266; 353; 283; 386; 138; 467; 683	9
5	40934201	rs761218874	72; 137; 298; 205; 274; 138; 170	7
5	76038903	rs552513660	159; 70; 161; 37; 96; 252; 242; 185; 235; 468	10
5	96702245	rs148264845	340; 339; 382; 203; 296; 163; 106; 283; 178; 506; 148	11
5	113501217	rs192907162	99; 105; 69; 620; 654; 359; 191; 585	8
5	125127318	rs186607861	286; 75; 354; 343; 129; 304; 253; 398	8
5	153235668	rs182364143	72; 251; 655; 85; 858; 291; 425; 89; 695; 265; 170; 426; 468; 207	14
5	167852021	rs191879381	339; 223; 187; 526; 306; 32; 670; 475; 533; 507; 186; 509; 368; 169; 592	15
5	180155776	rs147206222	224; 326; 56; 96; 148	5
6	950099	rs144632858	85; 296; 110; 621; 386; 724; 611; 638; 170; 556; 438; 291; 89; 452; 265; 509; 470; 373; 681; 63; 400; 402; 311; 391; 472; 395; 343; 88; 255; 416; 522; 419	32
6	21366261	rs182210290	159; 37; 208; 619; 185; 523; 521; 54; 492	9
6	50617364	rs544724701	340; 103; 910; 351; 217; 91; 416; 148; 598	9
6	71654851	rs547320384	596; 30; 366; 589; 160; 337; 115	7
6	88750325	rs537324837	635; 749; 259; 382; 55; 531; 136; 91; 497; 472; 148	11
6	103224670	rs544950927	708; 3; 582; 142; 37; 163; 184; 101; 674; 523; 117	11
6	124864438	rs532708730	629; 249; 737; 940; 498; 333; 694; 169	8
6	148414282	rs187161934	234; 223; 85; 449; 127; 296; 466; 136; 534; 263; 368; 165; 468; 218; 478; 654; 600; 325; 72; 187; 341; 124; 9; 249; 322; 114; 343; 106; 283; 156	30
6	169168201	rs747307110	290; 676; 430; 289; 575; 304	6
7	8847759	rs775899424	121; 139; 103; 403; 287; 368; 215; 238; 138	9
7	28490766	rs531179230	286; 239; 439; 259; 404; 575; 789; 585	8
7	47088597	rs533962771	75; 400; 202; 645; 377; 115; 658; 276	8
7	79059246	rs117681442	105; 249; 323; 64; 263; 147; 506; 391	8
7	98431358	rs184510862	643; 75; 118; 40; 524; 534; 670; 276	8
7	104544692	rs372495016	613; 339; 559; 533; 531; 252; 303; 426; 276; 420; 170	11
7	140853615	rs118125993	254; 458; 69; 904; 177; 619; 284; 65; 124; 191	10
7	153293651	rs577978703	295; 45; 301; 425; 331; 353; 59; 263; 250; 641; 56	11
8	17911121	rs76070313	72; 121; 439; 8; 61; 377; 56; 470; 345	9
8	20257611	rs563126745	99; 387; 26; 203; 367; 298; 108; 606; 471	9
8	56419904	rs72649509	249; 479; 437; 90; 70; 289; 203; 485; 425; 150; 138; 470	12
8	70940509	rs193149089	458; 302; 249; 214; 444; 531; 686; 303; 521; 190; 170	11
8	80229114	rs192977342	99; 613; 259; 437; 620; 524; 20; 214; 316; 184; 89; 794; 261; 265; 509; 536; 638	17
8	104235266	rs747261523	645; 425; 253; 359; 124; 358; 276	7
8	121601499	rs148097561	312; 105; 9; 103; 159; 37; 33; 700; 359; 138	10
8	140220333	rs577638655	159; 203; 77; 336; 59; 585	6
9	12827173	rs555713075	103; 70; 485; 598; 652; 496; 170; 259; 213; 425; 578; 265; 72; 427; 76; 187; 559; 400; 150; 319; 585; 243; 249; 29; 498; 129	26
9	29497069	rs544563697	103; 774; 113; 301; 261; 185; 368	7
9	44867368	rs111627877	37; 29; 65	3
9	78293990	rs192720105	254; 72; 437; 549; 53; 401; 575; 71; 606; 359	10
9	101761074	rs746265700	437; 55; 343; 296; 129; 521; 699; 298; 386; 92; 170	11
9	121790851	rs4836742	143; 526; 229; 55; 507; 331; 261; 575; 359; 641	10
9	138948184	rs750452032	124; 286; 339; 122; 137; 187; 479; 306; 70; 53; 433; 533; 473; 515; 621; 178; 156; 468	18
10	6863498	rs559971923	528; 187; 383; 560; 510; 699; 682; 283; 59; 368	10
10	37156205	rs546453845	254; 545; 187; 136; 682; 224; 385; 746	8
10	44304852	rs537471578	99; 55; 261; 145; 263; 484; 148	7
10	71663996	rs141625939	273; 90; 37; 403; 304; 91; 338; 406; 345	9
10	85798354	rs748625110	297; 286; 525; 75; 475; 753; 581; 622	8
10	121396570	rs11199055	643; 9; 344; 161; 106; 331; 261; 265; 585	9
10	134299189	rs549795896	249; 620; 305; 367; 498; 513; 533; 385	8
11	16061757	rs190143504	30; 988; 267; 29; 386; 230; 666; 641	8
11	35885138	rs140358992	655; 223; 403; 534; 59; 263; 359; 124	8
11	43901193	rs569629665	254; 251; 378; 828; 298; 201; 376	7
11	72885215	rs573096120	479; 55; 654; 101; 1001; 682; 523; 359; 585; 496	10
11	89329850	rs192425003	174; 103; 259; 354; 533; 654; 551; 610	8
11	103874952	rs567116011	45; 400; 433; 257; 303; 423; 540; 148	8
11	132345662	rs558363331	839; 114; 106; 136; 154; 261; 253; 24; 420	9
12	6783119	rs551446211	72; 613; 639; 69; 354; 598; 195; 37; 267; 266; 146; 163; 478; 278; 132; 310; 496	17
12	30888387	rs566013639	75; 69; 414; 278; 71; 115; 680; 420	8
12	47986721	rs4768837	708; 335; 108; 59; 65; 124; 338	7
12	65209142	rs189825462	75; 528; 583; 161; 524; 507; 473; 650	8
12	94099829	rs758922213	249; 408; 116; 353; 625; 261; 1001; 337; 680; 492	10
12	113746325	rs538812039	643; 174; 159; 622; 353; 311; 750; 388; 638	9
12	127296373	rs190179388	330; 61; 229; 475; 499; 323; 101; 261; 509; 303; 138; 416; 506; 149	14
13	34734692	rs556960447	103; 223; 503; 526; 556; 524; 341; 329; 680; 497	10
13	50944073	rs144294290	9; 479; 159; 400; 549; 404; 575; 416; 683	9
13	62794550	rs746080185	737; 159; 30; 37; 202; 261	6
13	79772255	rs536350277	19; 349; 305; 163; 341; 375; 368; 148; 170	9
13	109088547	rs191557707	286; 339; 70; 569; 163; 473; 238; 742; 165; 254; 259; 158; 213; 533; 600; 160; 521; 373; 430; 382; 225; 584	22
14	20995082	rs60169322	72; 54; 223; 85; 526; 213; 485; 184; 473; 136; 261; 278; 621; 135; 521; 348; 611; 468; 170	19
14	48532648	rs578041110	488; 105; 249; 348; 621; 265; 502; 169; 358	9
14	65381792	rs182169500	19; 640; 203; 225; 17; 82; 136; 250; 337; 673	10
14	87234351	rs190435239	234; 694; 432; 298; 184; 263; 551; 265	8
14	100672802	rs190647381	87; 167; 29; 645; 66; 261; 680	7
15	34266280	rs535644998	286; 76; 737; 69; 70; 55; 208; 495; 470	9
15	58805425	rs183142515	197; 90; 58; 619; 261; 154; 59; 124; 497; 191	10
15	62069919	rs183861195	905; 37; 193; 480; 101; 359; 426; 755	8
15	92481739	rs532584134	378; 249; 340; 193; 227; 490; 520; 124; 724; 357	10
15	100295470	rs138128938	432; 187; 203; 32; 163; 106; 138; 742; 284	9
16	7327812	rs554342236	105; 302; 340; 3; 301; 228; 319; 418; 424	9
16	24064739	rs572483224	286; 236; 266; 101; 185; 91; 391	7
16	53466829	rs576475395	76; 382; 559; 48; 734; 329; 484; 95; 508	9
16	86215804	rs187312723	286; 75; 243; 103; 580; 475; 177; 331; 641; 191	10
16	87686468	rs181692980	159; 20; 106; 337; 338; 96	6
17	12875477	rs575007836	635; 556; 400; 29; 201; 671; 136; 337; 93; 470	10
17	21821631	rs187131389	755; 340; 302; 484; 424; 227; 56; 585	8
17	40288977	rs540119985	295; 204; 694; 497; 638; 254; 425; 478; 533; 95; 410; 72; 458; 548; 354; 560; 633; 634; 319; 575; 169; 472; 297; 249; 382; 343; 520; 679; 379	29
17	76710427	rs189084102	463; 249; 545; 90; 559; 161; 29; 163; 368; 398; 216; 492	12
17	80070228	rs141725965	302; 195; 480; 925; 523	5
18	8962234	rs555859438	105; 745; 70; 396; 112; 106; 507; 224; 271	9
18	24293856	rs137878547	635; 249; 259; 195; 47; 187; 437; 567; 267; 335; 91; 303; 585	13
18	43459632	rs112714522	139; 159; 649; 633; 53; 353; 575; 741; 611	9
18	77174125	rs542692421	472; 755; 3; 193; 343; 53; 370; 750; 473; 283; 416; 419; 391	13
19	13065096	rs145414355	482; 726; 101; 575; 304; 115; 149; 138; 755	9
19	23249680	rs576912063	593; 396; 82; 202; 222; 323; 575; 374; 59; 261; 368; 522	12
19	45653862	rs534667968	121; 432; 159; 85; 229; 671; 59; 299; 641	9
20	8057214	rs576913678	635; 139; 559; 193; 65; 521; 326; 56; 470	9
20	21670717	rs540174228	174; 105; 655; 249; 287; 177; 424; 443; 406	9
20	40207472	rs770943503	69; 236; 306; 466; 278; 446; 368; 497; 503; 506; 64; 91; 178; 72; 187; 261; 319; 575; 303; 358; 290; 249; 439; 323; 329; 359; 398; 207	28
20	62297228	rs191891895	313; 695; 575; 253; 381; 471	6
21	29401807	rs112658416	25; 105; 69; 142; 403; 449; 695; 460	8
21	36798346	rs529217460	105; 463; 525; 298; 163; 110; 699; 73; 149; 641; 556	11
22	26101825	rs142837389	75; 122; 259; 610; 36; 449; 391; 496	8
22	49870609	rs534844699	251; 525; 302; 85; 480; 138; 641; 638	8
