1	11129434	rs2748878	1697; 20015; 21002; 23101; 23102; 23105; 23106; 23107; 23108; 23113; 23114; 23117; 23118; 23121; 23122; 23125; 23126; 23129; 23130; 50	20
1	39560250	rs112646560	21001; 21002; 23100; 23101; 23102; 23105; 23106; 23107; 23108; 23113; 23114; 23117; 23118; 23119; 23120; 23122; 23123; 23124; 23126; 23128; 23129; 23130; 48; 49	24
1	49732337	rs11205617	21001; 21002; 23099; 23100; 23101; 23102; 23105; 23111; 23112; 23113; 23114; 23115; 23116; 23117; 23118; 23119; 23120; 23121; 23122; 23123; 23124; 23125; 23126; 23127; 23128; 23129; 23130; 48; 49	29
1	78450517	rs34517439	1697; 20015; 20151; 21001; 21002; 23099; 23100; 23101; 23102; 23105; 23106; 23107; 23108; 23109; 23110; 23111; 23112; 23113; 23114; 23115; 23116; 23117; 23118; 23119; 23120; 23121; 23122; 23123; 23124; 23125; 23126; 23127; 23128; 23129; 23130; 30510; 3062; 48; 49; 50	40
1	97067652	rs12731454	21001; 21002; 23101; 23102; 23105; 23106; 23109; 23110; 23112; 23116; 23117; 23118; 23120; 23121; 23122; 23124; 23125; 23126; 23129; 23130; 49	21
1	110082551	rs41279738	1687; 21001; 21002; 23099; 23100; 23105; 23107; 23108; 23111; 23112; 23113; 23114; 23115; 23116; 23117; 23118; 23119; 23120; 23123; 23124; 23127; 23128; 48; 49	24
1	120927160	rs149651017	40001_E149; 40001_J988; 40001_X420; F60	4
1	159319959	rs373526534	20001_1048; 20001_1070; 20002_1140; 20002_1340; 20002_1376; 20002_1550; 20002_1580; 20002_1618; 20003_1140851088; 20003_1140852766; 20003_1140854076; 20003_1140864734; 20003_1140866804; 20003_1140869162; 20003_1140872058; 20003_1140872694; 20003_1140873480; 20003_1140875816; 20003_1140876006; 20003_1140878248; 20003_1140878378; 20003_1140878512; 20003_1140880462; 20003_1140888074; 20003_1140921088; 20003_1140922714; 20003_1140928384; 20003_1140928878; 20003_1141151368; 20003_1141151474; 20003_1141157324; 20003_1141164616; 20003_1141165512; 20003_1141168108; 20003_1141168684; 20003_1141171038; 20003_1141188594; 20003_1141188658; 20003_1141189090	39
1	177793822	rs34166952	1687; 1697; 21001; 21002; 23099; 23100; 23101; 23102; 23105; 23106; 23107; 23108; 23109; 23110; 23111; 23112; 23113; 23114; 23115; 23116; 23117; 23118; 23119; 23120; 23121; 23122; 23123; 23124; 23125; 23126; 23127; 23128; 23129; 23130; 2714; 48; 49	37
1	201797535	rs2644109	21001; 21002; 2178; 23099; 23100; 23101; 23102; 23105; 23106; 23107; 23108; 23109; 23110; 23111; 23112; 23113; 23114; 23115; 23116; 23117; 23118; 23119; 23120; 23121; 23122; 23123; 23124; 23125; 23126; 23127; 23128; 23129; 23130; 4079; 48; 49	36
1	218591623	rs11466399	1697; 20015; 20150; 20151; 20153; 21002; 23101; 23102; 23105; 23113; 23114; 23117; 23118; 23121; 23122; 23125; 23126; 23129; 23130; 3062; 3063; 3064; 50	23
1	225566546	rs12073468	23101; 23102; 23105; 23117; 23118; 23121; 23122; 23125; 23126; 23129; 23130	11
1	243584345	rs12037698	21001; 2178; 23099; 23111; 23112; 23115; 23116; 23119; 23123	9
2	375873	rs74495980	1687; 1697; 21001; 21002; 23099; 23100; 23101; 23102; 23105; 23106; 23107; 23108; 23109; 23110; 23111; 23112; 23113; 23114; 23115; 23116; 23117; 23118; 23119; 23120; 23121; 23122; 23123; 23124; 23125; 23126; 23127; 23128; 23129; 23130; 2714; 48; 49	37
2	27730940	rs1260326	102; 1220; 1558; 1628; 1697; 20002_1220; 20002_1466; 20002_1473; 20003_1140861958; 20003_1140875408; 20003_1141146234; 20015; 21002; 23101; 23102; 23105; 23106; 23107; 23108; 23109; 23110; 23113; 23114; 23117; 23118; 23121; 23122; 23125; 23126; 23129; 23130; 2443; 30530; 4194; 50; 6153_1; 6177_1	37
2	58935282	rs4671328	1200; 21001; 21002; 23099; 23100; 23101; 23102; 23105; 23106; 23107; 23108; 23110; 23111; 23112; 23113; 23114; 23115; 23116; 23117; 23118; 23119; 23120; 23121; 23122; 23123; 23124; 23125; 23126; 23127; 23128; 48; 49	32
2	71525698	rs7590738	1697; 20015; 23101; 23102; 23105; 23113; 23114; 23117; 23118; 23121; 23122; 23125; 23126; 23129; 23130; 50	16
2	85818273	rs1374370	20015; 23101; 23102; 23105; 23113; 23114; 23117; 23118; 23121; 23122; 23125; 23126; 23129; 23130; 50	15
2	100820421	rs11689199	21001; 21002; 23099; 23100; 23111; 23112; 23115; 23116; 23119; 23120; 23123; 23124; 23127; 23128; 48; 49; 6138_1	17
2	134228588	rs186009694	20002_1134; 20002_1327; 20002_1340; 20002_1373; 20002_1426; 20002_1585; 20002_1615; 20003_1140852766; 20003_1140861008; 20003_1140864618; 20003_1140865394; 20003_1140865618; 20003_1140865786; 20003_1140868064; 20003_1140868456; 20003_1140871666; 20003_1140874718; 20003_1140877826; 20003_1140878248; 20003_1140879668; 20003_1140879762; 20003_1140879782; 20003_1140882374; 20003_1140882756; 20003_1140883968; 20003_1140911636; 20003_1140916980; 20003_1140917394; 20003_1140922714; 20003_1140926780; 20003_1141168948; 20003_1141180392; 20003_1141180592; 20003_1141185986; 20003_1141200768; 40001_I509	36
2	142290620	rs7584391	1687; 21002; 23101; 23105; 23113; 23114; 23117; 23118	8
2	172382840	rs55862034	20015; 23101; 23102; 23105; 23106; 23107; 23108; 23109; 23110; 23113; 23114; 23117; 23118; 23121; 23122; 23125; 23126; 23129; 23130; 3062; 49; 50	22
2	198492837	rs6728904	21001; 2178; 23101; 23102; 23105; 23106; 23107; 23108; 23109; 23110; 23113; 23114; 23117; 23118; 23121; 23122; 23125; 23126; 23129; 23130; 6152_9	21
2	205375909	rs4482463	21001; 21002; 23100; 23101; 23102; 23105; 23112; 23113; 23114; 23116; 23117; 23118; 23119; 23120; 23121; 23122; 23123; 23124; 23125; 23126; 23128; 23129; 23130; 48; 49	25
2	237121387	rs561601564	20002_1366; 20002_1435; 20002_1579; 20002_1594; 20002_1618; 20002_1647; 20003_1140865000; 20003_1140865618; 20003_1140865872; 20003_1140868120; 20003_1140869034; 20003_1140870488; 20003_1140871196; 20003_1140872338; 20003_1140876384; 20003_1140880462; 20003_1140928384; 20003_1141145630; 20003_1141151368; 20003_1141164616; 20003_1141169516; 20003_1141200108	22
2	242493511	rs4675801	1697; 20015; 20150; 20151; 23101; 23102; 23105; 23113; 23114; 23117; 23118; 23121; 23122; 23129; 23130; 3062; 3063; 50	18
3	15344456	rs563467513	20002_1068; 20002_1122; 20002_1378; 20002_1468; 20002_1503; 20002_1540; 20002_1580; 20002_1602; 20002_1662; 20002_1683; 20003_1140851088; 20003_1140861008; 20003_1140862526; 20003_1140865762; 20003_1140871138; 20003_1140876006; 20003_1140878498; 20003_1140888512; 20003_1140912228; 20003_1141150754; 20003_1141153236; 20003_1141157418; 20003_1141162526; 20003_1141164616; 20003_1141179846; 20003_1141180592; 20003_1141187304; 20003_1141188594; 20003_1141194800; 40001_E149; 40001_I330; E11	32
3	25081857	rs9847186	21001; 21002; 23100; 23101; 23102; 23105; 23107; 23113; 23114; 23117; 23118; 23120; 23121; 23122; 23124; 23125; 23126; 23128; 23129; 23130; 49	21
3	49907111	rs6446187	1070; 137; 1558; 1930; 20016; 21001; 21002; 2178; 23099; 23100; 23101; 23102; 23105; 23106; 23107; 23108; 23109; 23110; 23111; 23112; 23113; 23114; 23115; 23116; 23117; 23118; 23119; 23120; 23121; 23122; 23123; 23124; 23125; 23126; 23127; 23128; 23129; 23130; 2316; 2492; 2754; 2764; 48; 49; 6138_100; 6138_1; 6138_2; 78; 806; 816; 845; 924	52
3	61219865	rs6445198	1687; 21001; 21002; 23100; 23101; 23102; 23105; 23106; 23107; 23108; 23113; 23114; 23116; 23117; 23118; 23120; 23124; 23125; 23126	19
3	85653405	rs62263913	1249; 20160; 2040; 21001; 21002; 23099; 23100; 23101; 23102; 23105; 23106; 23109; 23110; 23111; 23112; 23113; 23114; 23115; 23116; 23117; 23118; 23119; 23120; 23121; 23122; 23123; 23124; 23125; 23126; 23128; 23129; 23130; 48; 49; 6138_1	35
3	116227578	rs540098263	20003_1140868456; 20003_1140869324; 20003_1141169516; 20003_1141188836; 20003_1141192004; 40001_I38; 40001_X708; H27	8
3	131758077	rs1320903	1687; 21001; 21002; 23099; 23100; 23101; 23102; 23105; 23106; 23107; 23108; 23109; 23111; 23112; 23113; 23114; 23115; 23116; 23117; 23118; 23119; 23120; 23121; 23122; 23123; 23124; 23128; 48; 49	29
3	141121814	rs2871960	102; 1697; 20015; 20150; 20151; 20153; 21002; 23100; 23101; 23102; 23105; 23112; 23113; 23114; 23116; 23117; 23118; 23120; 23121; 23122; 23124; 23125; 23126; 23127; 23128; 23129; 23130; 2395_4; 3062; 3063; 46; 47; 48; 49; 50; 6152_9	36
3	172126421	rs6773621	102; 1697; 20015; 20151; 23101; 23102; 23105; 23113; 23114; 23117; 23118; 23121; 23122; 23125; 23126; 23129; 23130; 3062; 3063; 50	20
3	185812169	rs80080062	21001; 21002; 23100; 23101; 23102; 23105; 23106; 23107; 23108; 23109; 23110; 23112; 23113; 23114; 23116; 23117; 23118; 23119; 23120; 23121; 23122; 23123; 23124; 23125; 23126; 23129; 2714; 48; 49	29
4	17877487	rs13131350	1697; 20015; 20022; 20150; 20151; 20153; 21002; 23101; 23102; 23105; 23111; 23113; 23114; 23115; 23117; 23118; 23119; 23121; 23122; 23123; 23125; 23126; 23129; 23130; 3062; 3063; 3064; 46; 47; 50; 6150_100; 6150_4	32
4	25408838	rs34811474	1210; 1687; 20150; 20151; 21001; 21002; 2178; 23099; 23100; 23106; 23107; 23108; 23109; 23110; 23111; 23112; 23115; 23116; 23119; 23120; 23123; 23124; 2714; 3062; 3063; 48; 49; 50; 6138_1	29
4	45181334	rs12507026	1687; 21001; 21002; 23099; 23100; 23101; 23102; 23105; 23106; 23107; 23108; 23109; 23111; 23112; 23113; 23114; 23115; 23116; 23117; 23118; 23119; 23120; 23121; 23122; 23123; 23124; 23125; 23126; 23127; 23128; 2714; 48; 49	33
4	67801500	rs6845883	21001; 2178; 23099; 23100; 23111; 23112; 23119; 23120; 23123; 23124; 48; 49	12
4	82329585	rs180714689	20002_1068; 20002_1140; 20002_1240; 20002_1509; 20002_1661; 20003_1140868406; 20003_1140868772; 20003_1140870932; 20003_1140872338; 20003_1140875630; 20003_1140876384; 20003_1140888074; 20003_1140888390; 20003_1140888432; 20003_1140912228; 20003_1140923920; 20003_1141157412; 20003_1141165512; 20003_1141180598; 20003_1141192004; 40001_V499	21
4	103188709	rs13107325	1070; 1160; 1558; 1687; 20002_1065; 20002_1465; 20015; 20016; 20018; 21001; 21002; 23099; 23100; 23107; 23108; 23111; 23112; 23115; 23116; 23119; 23120; 23123; 23124; 23127; 23128; 4079; 46; 47; 48; 49; 50; 6164_3; 924	33
4	137083193	rs1296328	1180; 21001; 21002; 23099; 23100; 23111; 23112; 23115; 23116; 23117; 23118; 23119; 23120; 23123; 23124; 23127; 23128; 48; 49	19
4	145711103	rs10029786	1697; 20015; 20150; 20151; 20153; 21002; 23100; 23101; 23102; 23105; 23112; 23113; 23114; 23116; 23117; 23118; 23120; 23121; 23122; 23124; 23125; 23126; 23128; 23129; 23130; 3062; 3063; 3064; 49; 50	30
4	169275220	rs570883200	20002_1230; 20002_1376; 20002_1525; 20002_1555; 20003_1140873450; 20003_1140910498; 20003_1141157494; 20003_1141169516; 20003_1141172838; 20003_1141185316; 20003_1141190960; 40001_G903	12
4	188386661	rs13105368	20002_1122; 20003_1140869176; 20003_1140878530; 20003_1140880462; 20003_1141157324; 20003_1141181700; 40001_C845; 40001_X780	8
5	16801190	rs187383724	20002_1230; 20002_1340; 20002_1426; 20002_1579; 20003_1140852766; 20003_1140881414; 20003_1140912228; 20003_1141179830; 20003_1141180598; 20003_1141189094	10
5	32815028	rs1173771	1697; 20002_1065; 20003_1141194794; 20015; 20111_8; 23101; 23102; 23105; 23113; 23114; 23117; 23118; 23121; 23122; 23125; 23126; 23129; 23130; 4079; 4080; 50; 6150_100; 6150_4; 6153_2; 6177_2	25
5	42436916	rs17574650	1697; 20015; 21002; 23101; 23102; 23105; 23106; 23109; 23110; 23113; 23114; 23117; 23118; 23121; 23122; 23125; 23126; 23129; 23130; 3062; 50	21
5	74624482	rs3843480	20002_1473; 20003_1140861958; 20003_1141146234; 21001; 21002; 23099; 23100; 23101; 23102; 23105; 23106; 23107; 23108; 23109; 23110; 23111; 23112; 23113; 23114; 23115; 23116; 23117; 23118; 23119; 23120; 23121; 23122; 23123; 23124; 23125; 23126; 23127; 23128; 23129; 23130; 48; 49; 6153_1; 6177_1	39
5	87682877	rs7442885	102; 1558; 1687; 21001; 21002; 23099; 23100; 23101; 23102; 23105; 23106; 23109; 23110; 23111; 23112; 23113; 23114; 23115; 23116; 23117; 23118; 23119; 23120; 23121; 23122; 23123; 23124; 23125; 23126; 23128; 23129; 23130; 30530; 48; 49	35
5	107433446	rs286818	102; 21001; 21002; 23099; 23100; 23106; 23109; 23110; 23111; 23112; 23115; 23116; 23119; 23120; 23123; 23124; 48; 50	18
5	122652106	rs4308481	102; 20015; 20150; 20151; 21001; 21002; 23100; 23101; 23102; 23105; 23106; 23107; 23108; 23109; 23110; 23113; 23114; 23117; 23118; 23120; 23121; 23122; 23124; 23125; 23126; 23128; 23129; 23130; 3062; 3063; 4079; 48; 49; 50	34
5	153518766	rs815611	1687; 21001; 21002; 23099; 23100; 23111; 23112; 23115; 23116; 23119; 23120; 23123; 23124; 23127; 23128	15
5	170864021	rs4073717	1697; 20015; 20151; 21002; 23101; 23102; 23105; 23113; 23114; 23117; 23118; 23121; 23122; 23125; 23126; 23129; 23130; 3062; 49; 50	20
5	180155776	rs147206222	40001_C029; 40001_E149; 40001_I38; 40001_J690; 40001_U509	5
6	950099	rs144632858	20002_1083; 20002_1161; 20002_1662; 20002_1667; 20003_1140860728; 20003_1140862810; 20003_1140865416; 20003_1140865872; 20003_1140868192; 20003_1140868460; 20003_1140868816; 20003_1140869036; 20003_1140870512; 20003_1140870932; 20003_1140872036; 20003_1140874126; 20003_1140874718; 20003_1140877826; 20003_1140879644; 20003_1140879668; 20003_1140880288; 20003_1140882112; 20003_1140882756; 20003_1140883968; 20003_1140911642; 20003_1140927320; 20003_1141157364; 20003_1141165512; 20003_1141166294; 20003_1141171940; 20003_1141190158; 40001_A810	32
6	32577633	rs535777	1687; 1697; 1970; 20002_1111; 20002_1222; 20002_1225; 20002_1226; 20002_1234; 20002_1371; 20002_1381; 20002_1382; 20002_1453; 20002_1456; 20003_1140861998; 20003_1140874866; 20003_1140883066; 20003_1140884516; 20003_1140884672; 20003_1141191044; 20015; 20107_3; 20111_9; 20154; 21002; 2100; 2188; 22133; 23101; 23102; 23105; 23106; 23107; 23108; 23113; 23114; 23117; 23118; 23121; 23122; 23125; 23126; 23129; 23130; 2443; 2473; 2986; 30520; 4079; 49; 50; 6149_6; 6152_8; 6153_3; 6154_100; 6177_3; E05; E10; K90; R31	59
6	50784880	rs2744475	1687; 21001; 21002; 23099; 23100; 23101; 23102; 23105; 23106; 23107; 23108; 23109; 23110; 23111; 23112; 23113; 23114; 23115; 23116; 23117; 23118; 23119; 23120; 23121; 23122; 23123; 23124; 23125; 23126; 23127; 23128; 23129; 23130; 48; 49	35
6	81059998	rs9352828	1697; 20015; 20151; 23101; 23102; 23105; 23113; 23114; 23117; 23118; 23121; 23122; 23125; 23126; 23129; 23130; 3062; 50	18
6	98411631	rs6905544	1070; 1080; 1558; 20016; 21001; 21002; 2178; 23099; 23100; 23111; 23112; 23115; 23116; 23119; 23120; 23123; 23124; 23127; 23128; 30530; 6138_100; 6138_1; 6138_2; 6138_4; 806; 816	26
6	108888593	rs2253310	1697; 20015; 20016; 20023; 21001; 21002; 23099; 23100; 23101; 23102; 23105; 23106; 23109; 23110; 23112; 23113; 23114; 23115; 23116; 23117; 23118; 23120; 23121; 23122; 23124; 23125; 23126; 23128; 23129; 23130; 2714; 48; 49; 50	34
6	130345791	rs1415700	1697; 20015; 20150; 20151; 20153; 21002; 23100; 23101; 23102; 23105; 23106; 23107; 23108; 23109; 23110; 23112; 23113; 23114; 23116; 23117; 23118; 23120; 23121; 23122; 23124; 23125; 23126; 23128; 23129; 23130; 3062; 3063; 46; 47; 49; 50; 78	37
6	148414282	rs187161934	20002_1240; 20002_1256; 20002_1263; 20002_1426; 20002_1525; 20002_1549; 20002_1578; 20002_1579; 20002_1615; 20002_1667; 20003_1140862770; 20003_1140862810; 20003_1140873634; 20003_1140876384; 20003_1140878248; 20003_1140878324; 20003_1140878498; 20003_1140879762; 20003_1140880288; 20003_1140881414; 20003_1140884622; 20003_1140888438; 20003_1140888758; 20003_1140913292; 20003_1140928384; 20003_1141145630; 20003_1141151946; 20003_1141171038; 20003_1141174508; 20003_1141179830; 40001_K631	31
6	164126233	rs73013411	20015; 21002; 23101; 23102; 23105; 23128; 23129; 50; 78	9
7	2857876	rs960273	1697; 20015; 20022; 20151; 20153; 21002; 23100; 23101; 23102; 23105; 23112; 23113; 23114; 23116; 23117; 23118; 23120; 23121; 23122; 23124; 23125; 23126; 23127; 23128; 23129; 23130; 3062; 48; 49; 50	30
7	23513093	rs34776209	1697; 20015; 20022; 20150; 20151; 21002; 23101; 23102; 23105; 23113; 23114; 23117; 23118; 23121; 23122; 23125; 23126; 23129; 23130; 3062; 3063; 50	22
7	46583233	rs2881019	20015; 20150; 20151; 20154; 23101; 23102; 23105; 23107; 23108; 23113; 23114; 23117; 23118; 23121; 23122; 23129; 23130; 3062; 3063; 50	20
7	76632098	rs6954694	21001; 21002; 23100; 23101; 23102; 23105; 23106; 23107; 23108; 23109; 23110; 23112; 23113; 23114; 23116; 23117; 23118; 23120; 23121; 23122; 23124; 23125; 23126; 23129; 23130; 48; 49	27
7	92253972	rs10269774	1697; 20015; 20151; 20153; 21002; 23100; 23101; 23102; 23105; 23113; 23114; 23116; 23117; 23118; 23120; 23121; 23122; 23124; 23125; 23126; 23128; 23129; 23130; 3062; 4080; 4125; 49; 50; 78	29
7	121955981	rs10237306	21002; 23100; 23101; 23102; 23105; 23112; 23113; 23114; 23116; 23117; 23118; 23120; 23121; 23122; 23124; 23125; 23126; 23128; 23129; 23130; 48; 49; 50	23
7	126960273	rs150669274	23101; 23102; 23105; 23106; 23107; 23108; 23109; 23110; 23113; 23114; 23117; 23118; 23121; 23122; 23125; 23126; 23129; 23130; 40001_K760; 78	20
7	150668070	rs10236214	1697; 20015; 21001; 21002; 23101; 23102; 23105; 23106; 23107; 23108; 23109; 23110; 23113; 23114; 23117; 23118; 23120; 23121; 23122; 23124; 23125; 23126; 23129; 23130; 48; 49; 50	27
8	10665444	rs6601527	1940; 1970; 1980; 20002_1065; 2000; 20127; 21001; 21002; 23100; 23105; 23106; 23107; 23108; 23109; 23110; 23112; 23113; 23114; 23116; 23117; 23118; 23119; 23120; 23123; 23124; 23125; 23126; 4079; 4080; 4106; 4125; 49; 6150_100; 6150_4; 78	35
8	23159320	rs2280940	1697; 20015; 21002; 23101; 23102; 23105; 23113; 23114; 23117; 23118; 23121; 23122; 23125; 23126; 23129; 23130; 50	17
8	57151776	rs34563869	1697; 20015; 20150; 20151; 20153; 21002; 23101; 23102; 23105; 23106; 23107; 23108; 23113; 23114; 23117; 23118; 23121; 23122; 23125; 23126; 23129; 23130; 3062; 3063; 49; 50	26
8	73434705	rs6992315	21001; 21002; 23099; 23100; 23101; 23102; 23105; 23111; 23112; 23113; 23114; 23115; 23116; 23117; 23118; 23119; 23120; 23121; 23122; 23123; 23124; 23125; 23126; 23127; 23128; 48; 49	27
8	95582606	rs12680842	21001; 21002; 23101; 23102; 23105; 23106; 23109; 23110; 23112; 23113; 23114; 23116; 23117; 23118; 23121; 23122; 23125; 23126; 23129; 23130; 49	21
8	116522025	rs2293888	20015; 21001; 21002; 23100; 23101; 23102; 23105; 23112; 23113; 23114; 23116; 23117; 23118; 23120; 23121; 23122; 23124; 23125; 23126; 23128; 23129; 23130; 48; 49; 50	25
8	126500031	rs28601761	20002_1473; 20003_1140861958; 20003_1141146234; 20003_1141192736; 20015; 21002; 23100; 23101; 23102; 23105; 23107; 23108; 23112; 23113; 23114; 23117; 23118; 23119; 23120; 23123; 23124; 23127; 23128; 23129; 23130; 49; 50; 6153_1; 6154_1; 6177_100; 6177_1	31
8	144995736	rs11777402	1697; 20015; 23101; 23102; 23105; 23121; 23122; 23125; 23126; 23129; 23130; 50	12
9	12827173	rs555713075	20002_1121; 20002_1290; 20002_1384; 20002_1579; 20002_1580; 20002_1606; 20003_1140861008; 20003_1140868120; 20003_1140868406; 20003_1140868816; 20003_1140871196; 20003_1140872590; 20003_1140880462; 20003_1140881320; 20003_1140912228; 20003_1140926430; 20003_1140928384; 20003_1141151368; 20003_1141172436; 20003_1141178036; 20003_1141187304; 20003_1141190960; 20003_1141195224; 20003_1141200072; 40001_I509; 40001_J988	26
9	28410683	rs1412234	21001; 21002; 23099; 23100; 23101; 23102; 23105; 23106; 23107; 23108; 23111; 23112; 23113; 23114; 23115; 23116; 23117; 23118; 23119; 23120; 23121; 23122; 23123; 23124; 23125; 23126; 23127; 23128; 48; 49	30
9	44867368	rs111627877	20002_1580; 20003_1141168578; 40001_X599	3
9	78505692	rs76937529	1697; 20015; 20151; 21002; 23106; 23107; 23108; 23109; 23110; 23127; 23128; 3062; 50	13
9	98217348	rs28457693	1697; 1950; 20015; 20022; 20127; 20151; 21002; 23101; 23102; 23105; 23106; 23107; 23108; 23113; 23114; 23117; 23118; 23121; 23122; 23125; 23126; 23129; 23130; 3062; 3063; 49; 50	27
9	119115449	rs10983112	1697; 20015; 21002; 23101; 23102; 23105; 23106; 23107; 23108; 23109; 23110; 23113; 23114; 23117; 23118; 23121; 23122; 23125; 23126; 23129; 23130; 3062; 50	23
9	136141870	rs2519093	20002_1093; 20002_1094; 20002_1473; 20003_1140861958; 20003_1140888266; 20107_1; 23107; 23108; 23109; 23110; 23119; 23123; 3062; 3063; 3064; 4079; 6150_4; 6152_100; 6152_5; 6152_7; 6153_1; 6177_1; 78; I26; I80	25
10	4955702	rs66923674	20015; 23101; 23102; 23105; 23113; 23114; 23117; 23118; 23121; 23122; 23125; 23126; 23129; 23130; 50	15
10	22058137	rs10740991	21001; 21002; 23099; 23100; 23111; 23112; 23115; 23116; 23119; 23120; 23121; 23122; 23123; 23124; 23125; 23126; 23127; 23128; 30510; 30530; 48; 49; 924	23
10	44304852	rs537471578	20002_1068; 20002_1366; 20003_1140860690; 20003_1140868456; 20003_1141153236; 40001_C170; 40001_F019	7
10	70237246	rs10823210	1697; 20015; 23101; 23102; 23105; 23113; 23114; 23117; 23118; 23121; 23122; 23125; 23126; 23129; 23130; 50	16
10	96012950	rs7080472	20002_1065; 20022; 23099; 23101; 23102; 23105; 23106; 23107; 23108; 23109; 23110; 23111; 23113; 23114; 23115; 23117; 23118; 23121; 23122; 23125; 23126; 23127; 23129; 23130; 4079; 4080; 6150_100; 6150_4; 6177_2	29
10	102626510	rs61873510	1558; 1697; 20015; 21001; 21002; 23100; 23101; 23102; 23105; 23112; 23113; 23114; 23116; 23117; 23118; 23120; 23121; 23122; 23124; 23125; 23126; 23128; 23129; 23130; 48; 49; 50	27
10	124149917	rs10788284	1697; 20022; 21002; 23101; 23102; 23105; 23113; 23114; 23117; 23118; 23121; 23122; 23125; 23126; 23128; 23129; 23130; 50	18
11	10320608	rs12419064	23099; 23101; 23102; 23105; 23106; 23107; 23108; 23109; 23110; 23111; 23113; 23114; 23121; 23122; 23125; 23126; 23127; 23129; 23130	19
11	27643725	rs11030084	1249; 21001; 21002; 23099; 23100; 23101; 23102; 23105; 23106; 23107; 23108; 23109; 23110; 23111; 23112; 23113; 23114; 23115; 23116; 23117; 23118; 23119; 23120; 23121; 23122; 23123; 23124; 23125; 23126; 23127; 23128; 23129; 23130; 2714; 48; 49	36
11	43878459	rs35251247	21001; 21002; 23099; 23100; 23101; 23102; 23105; 23106; 23111; 23112; 23113; 23114; 23115; 23116; 23117; 23118; 23119; 23120; 23121; 23122; 23123; 23124; 23125; 23126; 23127; 23128; 23129; 23130; 48; 49	30
11	66649527	rs35099456	1697; 20015; 20150; 20151; 20153; 21002; 23100; 23101; 23102; 23105; 23113; 23114; 23117; 23118; 23121; 23122; 23125; 23126; 23127; 23128; 23129; 23130; 3062; 3063; 3064; 46; 47; 48; 49; 50	30
11	89329850	rs192425003	20002_1228; 20002_1606; 20003_1140864966; 20003_1140888432; 20003_1140910698; 20003_1141157324; 20003_1141179764; 20003_1141179830	8
11	118587347	rs603486	20015; 2247_1; 23101; 23102; 23105; 23121; 23122; 23125; 23126; 23129; 23130; 50	12
11	134518868	rs12806052	21001; 21002; 23099; 23100; 23111; 23112; 23115; 23116; 23119; 23120; 23123; 23124; 23127; 23128; 48; 49	16
12	4384844	rs76895963	1697; 20002_1220; 20003_1140884600; 20015; 20022; 20107_9; 20110_9; 20150; 20151; 21002; 23100; 23101; 23102; 23105; 23106; 23107; 23108; 23112; 23113; 23114; 23116; 23117; 23118; 23120; 23121; 23122; 23124; 23125; 23126; 23128; 23129; 23130; 2443; 3062; 3063; 3064; 48; 49; 50; D44	40
12	24071748	rs7134283	1697; 20015; 21002; 23101; 23102; 23105; 23113; 23114; 23117; 23118; 23121; 23122; 23125; 23126; 23129; 23130; 47; 50	18
12	50261809	rs3205718	1687; 1697; 21001; 21002; 23099; 23100; 23101; 23102; 23105; 23106; 23107; 23108; 23109; 23110; 23111; 23112; 23113; 23114; 23115; 23116; 23117; 23118; 23119; 23120; 23121; 23122; 23123; 23124; 23125; 23126; 23127; 23128; 23129; 23130; 48; 49	36
12	66326943	rs1480474	1697; 20015; 20022; 20150; 20151; 20153; 21002; 23100; 23101; 23102; 23105; 23107; 23108; 23113; 23114; 23117; 23118; 23121; 23122; 23124; 23125; 23126; 23128; 23129; 23130; 2744; 3062; 3063; 47; 49; 50	31
12	93976636	rs7310389	1697; 20015; 20150; 20151; 20153; 21002; 23101; 23102; 23105; 23113; 23114; 23117; 23118; 23121; 23122; 23125; 23126; 23129; 23130; 3062; 3063; 49; 50	23
12	111904371	rs4766578	1249; 135; 137; 1697; 20002_1065; 20002_1075; 20002_1226; 20003_1140866738; 20003_1140884516; 20003_1141191044; 20022; 20023; 20107_1; 20111_100; 20111_8; 20116_1; 21002; 23101; 23102; 23105; 23106; 23109; 23110; 23113; 23114; 23117; 23118; 23121; 23122; 23125; 23126; 23129; 23130; 2492; 2744; 4079; 4080; 49; 50; 6150_100; 6150_4; 6152_100; 6152_9; 6153_100; 6153_2; 6177_100; 6177_2; I21	48
12	123070616	rs7137722	102; 1697; 20015; 20151; 21001; 21002; 23099; 23100; 23101; 23102; 23105; 23111; 23112; 23113; 23114; 23115; 23116; 23117; 23118; 23119; 23120; 23121; 23122; 23123; 23124; 23125; 23126; 23127; 23128; 23129; 23130; 3062; 48; 49; 50	35
13	28010734	rs1218824	21001; 21002; 23099; 23100; 23105; 23112; 23113; 23114; 23116; 23117; 23118; 23120; 23123; 23124; 23128; 49	16
13	54104968	rs4477562	1687; 21001; 21002; 23099; 23100; 23101; 23102; 23105; 23107; 23112; 23113; 23114; 23116; 23117; 23118; 23119; 23120; 23122; 23123; 23124; 23125; 23126; 23127; 23128; 23129; 23130; 49	27
13	78442208	rs2329041	21002; 23101; 23102; 23105; 23106; 23107; 23108; 23113; 23114; 23117; 23118; 23121; 23122; 23125; 23126; 23129; 23130	17
13	96922449	rs748457	21001; 21002; 23101; 23102; 23105; 23106; 23107; 23108; 23109; 23110; 23113; 23114; 23117; 23118; 23120; 23121; 23122; 23124; 23125; 23126	20
13	109088547	rs191557707	20002_1426; 20002_1535; 20002_1594; 20002_1606; 20003_1140864070; 20003_1140865872; 20003_1140867624; 20003_1140868120; 20003_1140868406; 20003_1140868538; 20003_1140871506; 20003_1140873480; 20003_1140878184; 20003_1140888432; 20003_1140922804; 20003_1140928004; 20003_1141151946; 20003_1141162544; 20003_1141169516; 20003_1141185986; 40001_C833; 40001_X590	22
14	25927832	rs12879423	21001; 21002; 23100; 23101; 23102; 23105; 23106; 23107; 23108; 23109; 23110; 23112; 23113; 23114; 23116; 23117; 23118; 23120; 23121; 23122; 23124; 23125; 23126; 23128; 23129; 23130; 48; 49	28
14	48532648	rs578041110	20002_1579; 20003_1140865382; 20003_1140870504; 20003_1140871138; 20003_1140921088; 20003_1141166294; 20003_1141172436; 20003_1141188210; 40001_I639	9
14	79890456	rs10146690	21001; 21002; 23099; 23100; 23101; 23102; 23105; 23111; 23112; 23113; 23114; 23115; 23116; 23117; 23118; 23119; 23120; 23121; 23122; 23123; 23124; 23125; 23126; 23127; 23128; 23129; 23130; 48; 49	29
14	94076978	rs11851122	21001; 21002; 23099; 23100; 23101; 23102; 23105; 23106; 23107; 23108; 23109; 23110; 23111; 23112; 23113; 23114; 23115; 23116; 23117; 23118; 23119; 23120; 23121; 23122; 23123; 23124; 23125; 23126; 23128; 48; 49	31
14	103246470	rs3803286	21001; 21002; 23099; 23100; 23101; 23102; 23105; 23111; 23112; 23115; 23116; 23117; 23118; 23119; 23120; 23121; 23122; 23123; 23124; 23125; 23126; 23127; 23128; 48; 49	25
15	38490400	rs12148418	23101; 23102; 23105; 23106; 23107; 23108; 23113; 23114; 23117; 23118; 23121; 23122; 23125; 23126; 23129; 23130; 50	17
15	41927449	rs12900295	21002; 23101; 23102; 23105; 23106; 23108; 23113; 23114; 23117; 23118; 23121; 23122; 23126; 23129; 23130	15
15	68080886	rs4776970	1687; 21001; 21002; 23099; 23100; 23101; 23102; 23105; 23106; 23107; 23108; 23109; 23110; 23111; 23112; 23113; 23114; 23115; 23116; 23117; 23118; 23119; 23120; 23121; 23122; 23123; 23124; 23125; 23126; 23127; 23128; 48; 49	33
15	99194896	rs2871865	1697; 20015; 20022; 20150; 20151; 20153; 23101; 23102; 23105; 23113; 23114; 23117; 23118; 23121; 23122; 23125; 23126; 23129; 23130; 3062; 3063; 46; 47; 50	24
15	100692953	rs72755233	1687; 1697; 20015; 20150; 20151; 20153; 21002; 23100; 23105; 23106; 23107; 23108; 23109; 23110; 23127; 23128; 23129; 23130; 3062; 3063; 50	21
16	4013467	rs2531995	1687; 1697; 21001; 21002; 23099; 23100; 23101; 23102; 23105; 23106; 23107; 23108; 23111; 23112; 23113; 23114; 23115; 23116; 23117; 23118; 23119; 23120; 23121; 23122; 23123; 23124; 23125; 23126; 23127; 23128; 23129; 23130; 48; 49	34
16	29924422	rs12444978	1697; 21001; 21002; 23099; 23100; 23101; 23102; 23105; 23106; 23107; 23108; 23109; 23110; 23111; 23112; 23113; 23114; 23115; 23116; 23117; 23118; 23119; 23120; 23121; 23122; 23123; 23124; 23125; 23126; 23127; 23128; 23129; 23130; 2714; 399; 48; 49; 50	38
16	53806453	rs56094641	1180; 1210; 1558; 1588; 1687; 20001_1002; 20002_1065; 20002_1220; 20003_1140884600; 20107_9; 21001; 21002; 23099; 23100; 23101; 23102; 23105; 23106; 23107; 23108; 23109; 23110; 23111; 23112; 23113; 23114; 23115; 23116; 23117; 23118; 23119; 23120; 23121; 23122; 23123; 23124; 23125; 23126; 23127; 23128; 23129; 23130; 2443; 2714; 30530; 48; 49; 6150_100; 6150_4; 6177_100; 78; 924	52
16	69651866	rs862320	20002_1220; 20015; 20150; 20151; 21001; 23099; 23100; 23107; 23108; 23111; 23112; 23115; 23116; 23119; 23120; 23123; 23124; 23127; 23128; 2443; 2714; 3062; 3063; 46; 48; 50	26
16	88793910	rs2242171	20015; 21002; 23101; 23102; 23105; 23113; 23114; 23117; 23118; 23121; 23122; 23125; 23126; 23129; 23130; 50	16
17	7571752	rs78378222	1697; 20015; 20151; 21002; 23101; 23102; 23105; 23106; 23107; 23108; 23109; 23110; 23113; 23114; 23117; 23118; 23121; 23122; 23125; 23126; 23129; 23130; 3062; 3063; 40001_C719; 4079; 50; C44	28
17	29166302	rs62070643	1697; 20015; 20022; 20153; 21002; 23101; 23102; 23105; 23113; 23114; 23117; 23118; 23121; 23122; 23125; 23126; 23129; 23130; 49; 50	20
17	43663247	rs1724390	1220; 1558; 1920; 1930; 1950; 1960; 1970; 20003_2038460150; 20015; 20127; 20150; 20151; 20154; 2070; 23106; 23109; 23110; 2375; 2385; 2395_3; 2395_4; 3062; 3063; 3064; 4080; 46; 47; 50; 6138_1; 6149_1; 6154_100; 6154_3; 6159_1; 78	34
17	61986027	rs2854152	1697; 20015; 20150; 20151; 21002; 23101; 23102; 23105; 23106; 23107; 23108; 23109; 23110; 23111; 23113; 23114; 23115; 23117; 23118; 23121; 23122; 23125; 23126; 23129; 23130; 3062; 3063; 3064; 46; 47; 50	31
17	80532116	rs11653286	23101; 23102; 23129; 23130; 50; 78	6
18	1839911	rs60764613	21001; 21002; 23100; 23112; 23116; 23119; 23120; 23123; 23124; 48; 49	11
18	21075441	rs167336	1558; 1568; 1697; 21001; 21002; 23099; 23100; 23101; 23102; 23105; 23111; 23112; 23113; 23114; 23115; 23116; 23117; 23118; 23119; 23120; 23121; 23122; 23123; 23124; 23125; 23126; 23127; 23128; 23129; 23130; 48; 49; 50	33
18	57824038	rs7240682	1558; 1687; 1697; 1980; 20015; 2010; 21001; 21002; 23099; 23100; 23101; 23102; 23105; 23106; 23107; 23108; 23109; 23110; 23111; 23112; 23113; 23114; 23115; 23116; 23117; 23118; 23119; 23120; 23121; 23122; 23123; 23124; 23125; 23126; 23127; 23128; 23129; 23130; 48; 49; 50	41
18	74972138	rs74494415	23101; 23102; 23105; 23106; 23109; 23110; 23113; 23114; 23117; 23118; 23121; 23122; 23125; 23126; 23129; 23130	16
19	8670147	rs62621197	1697; 20015; 20150; 20151; 20153; 21002; 23100; 23101; 23102; 23105; 23106; 23107; 23109; 23110; 23113; 23114; 23117; 23118; 23121; 23122; 23125; 23126; 23127; 23128; 23129; 23130; 3062; 3063; 3064; 48; 49; 50; G56	33
19	30285548	rs62107111	21001; 21002; 23099; 23100; 23101; 23102; 23105; 23106; 23107; 23108; 23111; 23112; 23113; 23114; 23115; 23116; 23117; 23118; 23119; 23120; 23121; 23122; 23123; 23124; 23125; 23126; 23127; 23128; 23129; 23130; 4079; 48; 49	33
19	45411941	rs429358	102; 1835; 20002_1263; 20002_1473; 20003_1140861958; 20003_1141146138; 20003_1141146234; 20003_1141192410; 20003_1141192736; 20003_1141192740; 20107_100; 20107_10; 20110_100; 20110_10; 20110_9; 20111_10; 21001; 21002; 2306; 23099; 23100; 23111; 23112; 23115; 23116; 23119; 23120; 23123; 23124; 23127; 23128; 40001_G309; 48; 6153_100; 6153_1; 6177_100; 6177_1; I25	38
20	6609877	rs6107853	1687; 1697; 20015; 20153; 21001; 23101; 23102; 23108; 23119; 23121; 23122; 23123; 23129; 23130; 50	15
20	34025756	rs143384	1697; 20015; 20151; 20153; 21002; 23100; 23101; 23102; 23105; 23107; 23108; 23111; 23113; 23114; 23115; 23117; 23118; 23121; 23122; 23125; 23126; 23128; 23129; 23130; 3062; 3064; 46; 47; 49; 50; 6159_7; M23	32
20	51089867	rs17806278	21001; 21002; 2178; 23099; 23100; 23101; 23102; 23105; 23106; 23108; 23109; 23110; 23111; 23112; 23113; 23114; 23115; 23116; 23117; 23118; 23120; 23121; 23122; 23124; 23125; 23126; 23128; 23129; 23130; 48; 49	31
20	61537999	rs6010781	21002; 23101; 23102; 23105; 23113; 23114; 23117; 23118; 23121; 23122; 23125; 23126; 23129; 23130	14
21	29401807	rs112658416	20001_1023; 20002_1640; 20003_1140869162; 20003_1140873634; 20003_1140875420; 20003_1141194800; 20003_1141202030; 40001_C269	8
21	46487730	rs79585412	21001; 21002; 23099; 23100; 23111; 23112; 23115; 23116; 23119; 23120; 23123; 23124; 23127; 23128; 48; 49	16
22	30486826	rs2412970	1697; 20002_1226; 20003_1141191044; 20151; 23101; 23102; 23105; 23113; 23114; 23121; 23122; 23125; 23126; 23129; 23130; 3062; 50	17
22	40558064	rs12484438	1687; 21001; 23101; 23102; 23105; 23106; 23107; 23108; 23109; 23110; 23113; 23114; 23121; 23122; 23125; 23126; 23129; 23130	18
